{"Person 008":{"restMap":{"Restaurant 000":2.0912023248941947},"maxValue":5.0,"worldTrust":{"Person 008":0.8330429418342745,"Person 007":0.6352525198512474,"Person 009":0.436932677459656,"Person 004":0.11576154519015491,"Person 003":0.8802623950221506,"Person 006":0.5215479833421667,"Person 005":0.055536035797189465,"Person 000":0.22663883562740106,"Person 002":0.9993447443626811,"Person 001":0.8254982710440842},"boldness":0.44547991638179485,"friends":[]},"Person 007":{"restMap":{"Restaurant 000":3.5544209896235266},"maxValue":5.0,"worldTrust":{"Person 008":0.7768431051029595,"Person 007":0.7870677369854037,"Person 009":0.7978036462575662,"Person 004":0.09598381422321656,"Person 003":0.7444709891668886,"Person 006":0.5671814429804127,"Person 005":0.5153325672322786,"Person 000":0.9409211896048413,"Person 002":0.542638288800455,"Person 001":0.7748697849632544},"boldness":0.890568325259234,"friends":[]},"Person 009":{"restMap":{"Restaurant 000":3.903166583869578},"maxValue":5.0,"worldTrust":{"Person 008":0.7451635618039284,"Person 007":0.1313471351655352,"Person 009":0.03090053917697999,"Person 004":0.026512298034763404,"Person 003":0.04714081375358492,"Person 006":0.7498685732310996,"Person 005":0.6821181601354032,"Person 000":0.3482365808879656,"Person 002":0.4403519688951155,"Person 001":0.9057007755532257},"boldness":0.7126918605572352,"friends":[]},"Person 004":{"restMap":{"Restaurant 000":2.9527479638577505},"maxValue":5.0,"worldTrust":{"Person 008":0.04219279675065979,"Person 007":0.8060877568135761,"Person 009":0.07876134431182791,"Person 004":0.8699942582941529,"Person 003":0.29777697195294217,"Person 006":0.45392530127783925,"Person 005":0.20221542942786142,"Person 000":0.5470100339103031,"Person 002":0.566908524749285,"Person 001":0.8185139189192678},"boldness":0.763440164453704,"friends":[]},"Person 003":{"restMap":{"Restaurant 000":2.7389124940230447},"maxValue":5.0,"worldTrust":{"Person 008":0.6732153250345704,"Person 007":0.3039479170743128,"Person 009":0.6239096171541436,"Person 004":0.9351118435357871,"Person 003":0.2015402394701058,"Person 006":0.43445356495821263,"Person 005":0.266921133743917,"Person 000":0.19241904677067367,"Person 002":0.16784281332155337,"Person 001":0.24221595012298414},"boldness":0.45534064590640966,"friends":[]},"Person 006":{"restMap":{"Restaurant 000":2.3007916071363086},"maxValue":5.0,"worldTrust":{"Person 008":0.945942084040545,"Person 007":0.6491391287532414,"Person 009":0.8150403686406985,"Person 004":0.14083393311214865,"Person 003":0.16179969406846906,"Person 006":0.1722952829527019,"Person 005":0.21494032570309862,"Person 000":0.5014142863842267,"Person 002":0.9617175809788511,"Person 001":0.9625609907739426},"boldness":0.15129678312226602,"friends":[]},"Person 005":{"restMap":{"Restaurant 000":3.921439631598483},"maxValue":5.0,"worldTrust":{"Person 008":0.9878961641649551,"Person 007":0.02995271205445682,"Person 009":0.36779577623887527,"Person 004":0.1522492078192943,"Person 003":0.226559206912617,"Person 006":0.08399560808960871,"Person 005":0.005488033779836088,"Person 000":0.3051684660072188,"Person 002":0.01000895461346707,"Person 001":0.6155242999566913},"boldness":0.8258045320887364,"friends":[]},"Person 000":{"restMap":{"Restaurant 000":1.3113530829325437},"maxValue":5.0,"worldTrust":{"Person 008":0.5396490682636229,"Person 007":0.13901928123179486,"Person 009":0.8107634173048324,"Person 004":0.44929374201407213,"Person 003":0.15156729626840582,"Person 006":0.9101256177096863,"Person 005":0.7998172584068279,"Person 000":0.024733957792342776,"Person 002":0.4329680841966723,"Person 001":0.9592259226483573},"boldness":0.6504559240718547,"friends":[]},"Person 002":{"restMap":{"Restaurant 000":3.859591254496083},"maxValue":5.0,"worldTrust":{"Person 008":0.5287854383306954,"Person 007":0.24754485519471348,"Person 009":0.2254403106358731,"Person 004":0.1458408186965905,"Person 003":0.3820971438854601,"Person 006":0.19920168890158374,"Person 005":0.6907401054545986,"Person 000":0.5560209649844224,"Person 002":0.4121591682907918,"Person 001":0.5357732074104462},"boldness":0.4764845207650361,"friends":[]},"Person 001":{"restMap":{"Restaurant 000":1.9004922212391255},"maxValue":5.0,"worldTrust":{"Person 008":0.6589417652725396,"Person 007":0.16222781481380455,"Person 009":0.34930177649911676,"Person 004":0.06674758802352032,"Person 003":0.4623770125551653,"Person 006":0.7312913128445604,"Person 005":0.28174140514835555,"Person 000":0.4974522684688376,"Person 002":0.3898800975369624,"Person 001":0.7390200221447132},"boldness":0.15514433621937906,"friends":[]}}