{"Person 0":{"restMap":{"Restaurant 1":4.472926779537348,"Restaurant 0":4.8215252567961615},"maxValue":5.0,"worldTrust":{"Person 0":0.9869314295225452,"Person 1":0.050506000636804105,"Person 2":0.26339345030534544,"Person 3":0.8252305980221908,"Person 4":0.7853785917531689},"boldness":0.43220201203482544,"friends":["Person 4","Person 3"]},"Person 1":{"restMap":{"Restaurant 1":0.4999365070172568,"Restaurant 0":0.7785890180167737},"maxValue":5.0,"worldTrust":{"Person 0":0.6715246926726889,"Person 1":0.9189560812156279,"Person 2":0.041497223824572105,"Person 3":0.23954323831543878,"Person 4":0.24185190209342144},"boldness":0.008520652584668387,"friends":["Person 4","Person 0"]},"Person 2":{"restMap":{"Restaurant 1":1.0470813123266614,"Restaurant 0":0.4549190063920455},"maxValue":5.0,"worldTrust":{"Person 0":0.02824125798390109,"Person 1":0.7406884689661731,"Person 2":0.47240571020597233,"Person 3":0.20999807115382196,"Person 4":0.5709552635893866},"boldness":0.7745688263662167,"friends":["Person 0","Person 1"]},"Person 3":{"restMap":{"Restaurant 1":0.6230414227632836,"Restaurant 0":1.7587849180482777},"maxValue":5.0,"worldTrust":{"Person 0":0.4372724841367912,"Person 1":0.6454088185459963,"Person 2":0.26452222823086213,"Person 3":0.7102596013897845,"Person 4":0.5797985998859243},"boldness":0.15978726280196676,"friends":["Person 1","Person 0"]},"Person 4":{"restMap":{"Restaurant 1":4.318454488228602,"Restaurant 0":4.949500324334761},"maxValue":5.0,"worldTrust":{"Person 0":0.4979431211906098,"Person 1":0.0195244229525946,"Person 2":0.027561744245903852,"Person 3":0.34260867606882317,"Person 4":0.429816719373629},"boldness":0.04093129960415476,"friends":["Person 0","Person 3"]}}