{"Person 008":{"restMap":{"Restaurant 000":0.09473423315980944},"maxValue":5.0,"worldTrust":{"Person 008":0.05104730843562688,"Person 007":0.928383278459322,"Person 009":0.5294563768269642,"Person 004":0.36860249037720183,"Person 003":0.6099153703888673,"Person 006":0.6442765029351073,"Person 005":0.6418530697467297,"Person 000":0.5052391551386947,"Person 002":0.07858152362285697,"Person 001":0.19305439510168343},"boldness":0.30205859150584147,"friends":[]},"Person 007":{"restMap":{"Restaurant 000":0.7689713458818342},"maxValue":5.0,"worldTrust":{"Person 008":0.38337683308283643,"Person 007":0.502453411786269,"Person 009":0.9563528795866103,"Person 004":0.07494287995412185,"Person 003":0.9871102450176177,"Person 006":0.048961302758550596,"Person 005":0.2747738457064799,"Person 000":0.36862400040731624,"Person 002":0.8121748550479363,"Person 001":0.934829857424522},"boldness":0.7758799347236858,"friends":[]},"Person 009":{"restMap":{"Restaurant 000":4.621198361824128},"maxValue":5.0,"worldTrust":{"Person 008":0.014609994680000016,"Person 007":0.6551570960269576,"Person 009":0.18130579701001281,"Person 004":0.5829213843836332,"Person 003":0.5692411198676387,"Person 006":0.8931553934461794,"Person 005":0.9241967557756129,"Person 000":0.7016485118864534,"Person 002":0.8237842415346218,"Person 001":0.7772263443875471},"boldness":0.7443478147806795,"friends":[]},"Person 004":{"restMap":{"Restaurant 000":0.6336782583220529},"maxValue":5.0,"worldTrust":{"Person 008":0.5527702453159261,"Person 007":0.9290326157076633,"Person 009":0.6120435632598691,"Person 004":0.7773828422087926,"Person 003":0.7233375392190826,"Person 006":0.242622824210462,"Person 005":0.9558826995967652,"Person 000":0.6879993328304378,"Person 002":0.5368026793487839,"Person 001":0.39434603504334653},"boldness":0.9490848407328432,"friends":[]},"Person 003":{"restMap":{"Restaurant 000":2.346063206587811},"maxValue":5.0,"worldTrust":{"Person 008":0.5586295936537611,"Person 007":0.9971383778636593,"Person 009":0.6297080726575306,"Person 004":0.051100392948664974,"Person 003":0.5070750622388612,"Person 006":0.2131716913778703,"Person 005":0.9552447729959989,"Person 000":0.9772301409092499,"Person 002":0.07364425259668517,"Person 001":0.8794268126014149},"boldness":0.20032866271055405,"friends":[]},"Person 006":{"restMap":{"Restaurant 000":4.500533218686204},"maxValue":5.0,"worldTrust":{"Person 008":0.20483113113204332,"Person 007":0.2677609856242086,"Person 009":0.8870810135879028,"Person 004":0.24741022326537365,"Person 003":0.7888562602658958,"Person 006":0.44836023395514824,"Person 005":0.18927897920626424,"Person 000":0.7200531935375499,"Person 002":0.5780577411607258,"Person 001":0.24018048528726144},"boldness":0.6650235642769159,"friends":[]},"Person 005":{"restMap":{"Restaurant 000":1.5111303463151293},"maxValue":5.0,"worldTrust":{"Person 008":0.1778749978238171,"Person 007":0.9166359442496332,"Person 009":0.5082508865761236,"Person 004":0.9030108787547494,"Person 003":0.6407127152550499,"Person 006":0.09158413821994282,"Person 005":0.018817215334513415,"Person 000":0.6665716026971558,"Person 002":0.5503156426370522,"Person 001":0.11919876673564944},"boldness":0.9715525884815541,"friends":[]},"Person 000":{"restMap":{"Restaurant 000":1.3441361423362796},"maxValue":5.0,"worldTrust":{"Person 008":0.515242378199951,"Person 007":0.8292612851866262,"Person 009":0.24863454811008834,"Person 004":0.33447225257405566,"Person 003":0.3189605803339576,"Person 006":0.13646165112920172,"Person 005":0.9226207770353659,"Person 000":0.41770753344219236,"Person 002":0.14969038787869648,"Person 001":0.6502097382618285},"boldness":0.3875370289254113,"friends":[]},"Person 002":{"restMap":{"Restaurant 000":2.6292596210470522},"maxValue":5.0,"worldTrust":{"Person 008":0.0970266372949733,"Person 007":0.3209089551275024,"Person 009":0.939360308891742,"Person 004":0.16058886973794828,"Person 003":0.3950915656905024,"Person 006":0.1704850151253725,"Person 005":0.676192807277606,"Person 000":0.5050730538654833,"Person 002":0.09018682699421265,"Person 001":0.7740025027021591},"boldness":0.48491741664624355,"friends":[]},"Person 001":{"restMap":{"Restaurant 000":2.7846257997051813},"maxValue":5.0,"worldTrust":{"Person 008":0.31971356135642937,"Person 007":0.06502232751131698,"Person 009":0.8323215532902414,"Person 004":0.037515958488989365,"Person 003":0.8395051596325626,"Person 006":0.8219962226504439,"Person 005":0.40000610120674074,"Person 000":0.8824331127340841,"Person 002":0.3511078162015391,"Person 001":0.7998060399607338},"boldness":0.031736751027061416,"friends":[]}}