{"Person 0":{"restMap":{"Restaurant 0":0.7288081457670242},"maxValue":5.0,"worldTrust":{"Person 0":0.4697009091615356,"Person 1":0.11688872898009539,"Person 2":0.9488694206579327,"Person 7":0.9359261274540305,"Person 8":0.9006729325219872,"Person 9":0.642070289753868,"Person 3":0.30823508863167737,"Person 4":0.19946845147918713,"Person 5":0.3575400486389495,"Person 6":0.5786886381296984},"boldness":0.6338958553107181,"friends":[]},"Person 1":{"restMap":{"Restaurant 0":4.623885603191043},"maxValue":5.0,"worldTrust":{"Person 0":0.3582628007134053,"Person 1":0.5467681673682923,"Person 2":0.4214985508034981,"Person 7":0.8798602079940904,"Person 8":0.32617880719850256,"Person 9":0.6270414422228988,"Person 3":0.09971848155621987,"Person 4":0.2530414767191468,"Person 5":0.68940834908109,"Person 6":0.5572555688986434},"boldness":0.8526114114508996,"friends":[]},"Person 2":{"restMap":{"Restaurant 0":1.2088553523316943},"maxValue":5.0,"worldTrust":{"Person 0":0.551718160175027,"Person 1":0.28177504002000264,"Person 2":0.06746451544545107,"Person 7":0.13960354010087106,"Person 8":0.7689014792367139,"Person 9":0.6797034107853421,"Person 3":0.5169127539912264,"Person 4":0.6713400890061053,"Person 5":0.1636506714730055,"Person 6":0.7005848539706458},"boldness":0.4526289440813638,"friends":[]},"Person 7":{"restMap":{"Restaurant 0":2.2977772963767},"maxValue":5.0,"worldTrust":{"Person 0":0.08947302488292652,"Person 1":0.44851372896467157,"Person 2":0.26799648616644445,"Person 7":0.6799860677286383,"Person 8":0.41942092999351965,"Person 9":0.10213867174148361,"Person 3":0.6318635817772508,"Person 4":0.7562890375069482,"Person 5":0.26441102770055824,"Person 6":0.4528454950854157},"boldness":0.3501108810348733,"friends":[]},"Person 8":{"restMap":{"Restaurant 0":2.2692177666314555},"maxValue":5.0,"worldTrust":{"Person 0":0.5547694700570216,"Person 1":0.11199529289476184,"Person 2":0.6087519364457169,"Person 7":0.03407385865948087,"Person 8":0.02882358730235879,"Person 9":0.48546342947402354,"Person 3":0.18367596726688618,"Person 4":0.5936952323767675,"Person 5":0.03766656383024891,"Person 6":0.3356779961847769},"boldness":0.31796762313094984,"friends":[]},"Person 9":{"restMap":{"Restaurant 0":3.408222912081596},"maxValue":5.0,"worldTrust":{"Person 0":0.13275716726224918,"Person 1":0.4839004935156327,"Person 2":0.4701328550980385,"Person 7":0.7165869119006407,"Person 8":0.5481638938067003,"Person 9":0.15366872980734436,"Person 3":0.5897487744940983,"Person 4":0.08075355873966206,"Person 5":0.22819911482994337,"Person 6":0.05338608266463696},"boldness":0.6035749355569209,"friends":[]},"Person 3":{"restMap":{"Restaurant 0":4.527152948939798},"maxValue":5.0,"worldTrust":{"Person 0":0.3312674646883138,"Person 1":0.4047562361769884,"Person 2":0.7457130601271578,"Person 7":0.3994113949331891,"Person 8":0.11650253064517124,"Person 9":0.6301097212853809,"Person 3":0.5696546503028919,"Person 4":0.45422886507013416,"Person 5":0.3047575943132894,"Person 6":0.48110972257495355},"boldness":0.9899088866147738,"friends":[]},"Person 4":{"restMap":{"Restaurant 0":0.8544955957070166},"maxValue":5.0,"worldTrust":{"Person 0":0.3159857924203274,"Person 1":0.06583514457512529,"Person 2":0.07725646994476554,"Person 7":0.47904287270237833,"Person 8":0.03647131612889842,"Person 9":0.7919881522423533,"Person 3":0.5984284415619929,"Person 4":0.5888639708959483,"Person 5":0.666255421792182,"Person 6":0.36254954504969017},"boldness":0.4640748693503025,"friends":[]},"Person 5":{"restMap":{"Restaurant 0":0.7752280807621165},"maxValue":5.0,"worldTrust":{"Person 0":0.44360516529708716,"Person 1":0.8866481018400921,"Person 2":0.5224374569885754,"Person 7":0.2258504721437251,"Person 8":0.6597724552226615,"Person 9":0.49287119817732516,"Person 3":0.4712674731506299,"Person 4":0.1390528631593636,"Person 5":0.39387255527650467,"Person 6":0.25358006639815844},"boldness":0.8986968322345011,"friends":[]},"Person 6":{"restMap":{"Restaurant 0":0.8166116048913674},"maxValue":5.0,"worldTrust":{"Person 0":0.16978051606237232,"Person 1":0.6450361576540198,"Person 2":0.590616229182871,"Person 7":0.5722215189579852,"Person 8":0.22636042982345206,"Person 9":0.3047477445253185,"Person 3":0.3767560794349655,"Person 4":0.5002607886702072,"Person 5":0.4545024916928252,"Person 6":0.8395363254736379},"boldness":0.7681876434619401,"friends":[]}}