{"Person 0":{"restMap":{"Restaurant 0":2.5},"maxValue":5.0,"worldTrust":{"Person 0":0.7504804786159266,"Person 1":0.6568650996013554,"Person 2":0.781657474580347,"Person 7":0.7819547300670152,"Person 8":0.1365096379141253,"Person 9":0.6222269478649983,"Person 3":0.9998664286063637,"Person 4":0.9779032650189917,"Person 5":0.9902819874464761,"Person 6":0.5862940090223425},"boldness":0.8817033884298751,"friends":["Person 3","Person 6"]},"Person 1":{"restMap":{"Restaurant 0":2.5},"maxValue":5.0,"worldTrust":{"Person 0":0.03782601109768735,"Person 1":0.2401144836257182,"Person 2":0.8115240902315531,"Person 7":0.06059463847128388,"Person 8":0.8615146840784665,"Person 9":0.0815665915961088,"Person 3":0.8421729372838399,"Person 4":0.5340462664500375,"Person 5":0.9918186842163033,"Person 6":0.5726691416395682},"boldness":0.7357826925422646,"friends":["Person 3","Person 6"]},"Person 2":{"restMap":{"Restaurant 0":2.5},"maxValue":5.0,"worldTrust":{"Person 0":0.7681505635259513,"Person 1":0.3239842120326629,"Person 2":0.9512797093913955,"Person 7":0.18165413140910247,"Person 8":0.7889281115267737,"Person 9":0.9337456281468903,"Person 3":0.00172400504666681,"Person 4":0.7523100190239175,"Person 5":0.6216130890654957,"Person 6":0.8070362054486343},"boldness":0.823788122416268,"friends":["Person 7","Person 6"]},"Person 7":{"restMap":{"Restaurant 0":2.5},"maxValue":5.0,"worldTrust":{"Person 0":0.6682531404351728,"Person 1":0.9151269033462753,"Person 2":0.18321171995934482,"Person 7":0.8850403468449325,"Person 8":0.5777611043021679,"Person 9":0.9390358304077278,"Person 3":0.36376357895610434,"Person 4":0.3835308705351893,"Person 5":0.7044143184147884,"Person 6":0.27749134341406345},"boldness":0.5952928794581208,"friends":["Person 8","Person 9"]},"Person 8":{"restMap":{"Restaurant 0":2.5},"maxValue":5.0,"worldTrust":{"Person 0":0.8787671380144638,"Person 1":0.31541608810507393,"Person 2":0.34123268661647554,"Person 7":0.8103374843753695,"Person 8":0.4440398183774672,"Person 9":0.04350655503812628,"Person 3":0.5849140786892799,"Person 4":0.7463001339459024,"Person 5":0.5551573635700131,"Person 6":0.24298318366718774},"boldness":0.9917069855820856,"friends":["Person 2","Person 7"]},"Person 9":{"restMap":{"Restaurant 0":2.5},"maxValue":5.0,"worldTrust":{"Person 0":0.7451413838582255,"Person 1":0.3899082311340487,"Person 2":0.013377683265781926,"Person 7":0.768012742920478,"Person 8":0.3334841741869863,"Person 9":0.10299816609535473,"Person 3":0.9072415986319587,"Person 4":0.4547169233388628,"Person 5":0.10380802378596166,"Person 6":0.9967222994599406},"boldness":0.7573906513363069,"friends":["Person 6","Person 5"]},"Person 3":{"restMap":{"Restaurant 0":2.5},"maxValue":5.0,"worldTrust":{"Person 0":0.9719586970264873,"Person 1":0.4023506720613057,"Person 2":0.9141483377407046,"Person 7":0.08470371425292278,"Person 8":0.4967571359295019,"Person 9":0.9701941428927748,"Person 3":0.06708438978786002,"Person 4":0.8987364020877919,"Person 5":0.3948901543065826,"Person 6":0.5289178868408407},"boldness":0.25110049693851255,"friends":["Person 5","Person 2"]},"Person 4":{"restMap":{"Restaurant 0":2.5},"maxValue":5.0,"worldTrust":{"Person 0":0.6205731330555473,"Person 1":0.5714036918863143,"Person 2":0.6129841165155107,"Person 7":0.8843674972035711,"Person 8":0.8998562689440814,"Person 9":0.9206857336527441,"Person 3":0.4981151590090448,"Person 4":0.6968617419768897,"Person 5":0.6125419624221509,"Person 6":0.06084043420715801},"boldness":0.49372035933016767,"friends":["Person 8","Person 1"]},"Person 5":{"restMap":{"Restaurant 0":2.5},"maxValue":5.0,"worldTrust":{"Person 0":0.9911215615440635,"Person 1":0.8609945993517611,"Person 2":0.016154146546983772,"Person 7":0.9315564360925632,"Person 8":0.34135446225514776,"Person 9":0.02694163201726607,"Person 3":0.5576532826887775,"Person 4":0.4023583821727684,"Person 5":0.3479439890362829,"Person 6":0.6339539018926379},"boldness":0.8483425031642896,"friends":["Person 2","Person 7"]},"Person 6":{"restMap":{"Restaurant 0":2.5},"maxValue":5.0,"worldTrust":{"Person 0":0.019707802495252946,"Person 1":0.749095537977226,"Person 2":0.9760984946647174,"Person 7":0.4470905126416358,"Person 8":0.8097206071641744,"Person 9":0.617447329609809,"Person 3":0.35995508693341716,"Person 4":0.34551074757639655,"Person 5":0.8717216333635607,"Person 6":0.1742037346884574},"boldness":0.2685482727383185,"friends":["Person 2","Person 9"]}}