{"Person 0":{"restMap":{"Restaurant 2":3.8495407692890287,"Restaurant 1":0.07443543589546131,"Restaurant 0":4.689325247246651,"Restaurant 3":1.9893492880905461},"maxValue":3.6715808586400662,"worldTrust":{"Person 0":0.35418459919790757,"Person 1":0.016092263976511756,"Person 2":0.9907069172853733,"Person 7":0.7323280587881197,"Person 8":0.09629178677669314,"Person 9":0.964944951595481,"Person 3":0.5556539419081984,"Person 4":0.7412414811053329,"Person 5":0.02800644013599085,"Person 6":0.016869120778614466},"boldness":0.7089986578885848,"friends":["Person 2","Person 7"]},"Person 1":{"restMap":{"Restaurant 2":3.4523154360564052,"Restaurant 1":3.83307130925792,"Restaurant 0":2.475121292171925,"Restaurant 3":4.722208738819766},"maxValue":2.263426629127584,"worldTrust":{"Person 0":0.10832765053383342,"Person 1":0.9079192235285702,"Person 2":0.5742411814434075,"Person 7":0.5624675315896944,"Person 8":0.6006995056617485,"Person 9":0.7200571957737549,"Person 3":0.765391523368101,"Person 4":0.42354221644319057,"Person 5":0.20965001799939698,"Person 6":0.3192881092169707},"boldness":0.6196204082697573,"friends":["Person 6","Person 8"]},"Person 2":{"restMap":{"Restaurant 2":0.9561294794803388,"Restaurant 1":0.7566023040981656,"Restaurant 0":1.2403636148589565,"Restaurant 3":4.5052215421353585},"maxValue":2.542104440562937,"worldTrust":{"Person 0":0.10604971655210182,"Person 1":0.9813758929498538,"Person 2":0.9752632556670968,"Person 7":0.6435537742459434,"Person 8":0.9229845018325654,"Person 9":0.9008447941231764,"Person 3":0.8090258536327772,"Person 4":0.17575084441242284,"Person 5":0.5593460555812173,"Person 6":0.43085836511845643},"boldness":0.034127220951328696,"friends":["Person 6","Person 9"]},"Person 7":{"restMap":{"Restaurant 2":2.431729740986191,"Restaurant 1":4.170957589479801,"Restaurant 0":2.100346998661901,"Restaurant 3":2.662858346300923},"maxValue":2.0773729534651086,"worldTrust":{"Person 0":0.7966409351805132,"Person 1":0.5828283583443208,"Person 2":0.35781886544600305,"Person 7":0.8374762500999767,"Person 8":0.16059364037505408,"Person 9":0.4955682262850758,"Person 3":0.7078710894736221,"Person 4":0.5664266985760488,"Person 5":0.5411905792951304,"Person 6":0.07267184679922989},"boldness":0.30512862024111065,"friends":["Person 9","Person 4"]},"Person 8":{"restMap":{"Restaurant 2":3.420060417238959,"Restaurant 1":0.5003427699795576,"Restaurant 0":0.7836572915302892,"Restaurant 3":4.840148920300148},"maxValue":4.211218395843263,"worldTrust":{"Person 0":0.9936440874065584,"Person 1":0.18403878741758906,"Person 2":0.6434963629448935,"Person 7":0.7709970806030628,"Person 8":0.10622490522215089,"Person 9":0.7442751076233829,"Person 3":0.8190503037329758,"Person 4":0.7783295192935269,"Person 5":0.772254213024048,"Person 6":0.449710313559712},"boldness":0.7455097338347141,"friends":["Person 7","Person 1"]},"Person 9":{"restMap":{"Restaurant 2":0.6524001254838996,"Restaurant 1":0.9501143214861552,"Restaurant 0":3.3651871947897587,"Restaurant 3":3.841274412190234},"maxValue":4.227878070558694,"worldTrust":{"Person 0":0.35260384112202914,"Person 1":0.01298906844174541,"Person 2":0.8876540386396801,"Person 7":0.29391012514042536,"Person 8":0.29969985400027255,"Person 9":0.4779289482595179,"Person 3":0.19529326545469583,"Person 4":0.4652509748379875,"Person 5":0.41009530815317286,"Person 6":0.7887654703526048},"boldness":0.4806901397980985,"friends":["Person 4","Person 8"]},"Person 3":{"restMap":{"Restaurant 2":2.453112986038471,"Restaurant 1":0.7676201042254532,"Restaurant 0":2.400427484065929,"Restaurant 3":0.842010340636079},"maxValue":3.6400426010972526,"worldTrust":{"Person 0":0.8725375432530056,"Person 1":0.06043995188743723,"Person 2":0.7769378661524399,"Person 7":0.4213372758200715,"Person 8":0.7742660732711467,"Person 9":0.2522034936029631,"Person 3":0.09330605997487007,"Person 4":0.40363709116442936,"Person 5":0.5254589250123274,"Person 6":0.163521445587977},"boldness":0.8311356309484713,"friends":["Person 7","Person 6"]},"Person 4":{"restMap":{"Restaurant 2":4.108828466513369,"Restaurant 1":2.59239459169995,"Restaurant 0":1.5734615433427324,"Restaurant 3":3.204825177658823},"maxValue":4.931261512173373,"worldTrust":{"Person 0":0.32084661190503905,"Person 1":0.68153119133412,"Person 2":0.04058081802564972,"Person 7":0.728860447955751,"Person 8":0.8501507525093225,"Person 9":0.2839624722838041,"Person 3":0.9556804436802958,"Person 4":0.7029773330524743,"Person 5":0.39055519489346713,"Person 6":0.6285993767774584},"boldness":0.6354729733444412,"friends":["Person 2","Person 8"]},"Person 5":{"restMap":{"Restaurant 2":3.3224353087013334,"Restaurant 1":0.20138869639820478,"Restaurant 0":0.10661146157993795,"Restaurant 3":4.571786216587094},"maxValue":4.797621217131877,"worldTrust":{"Person 0":0.3347086438969036,"Person 1":0.37494699241523854,"Person 2":0.15310886437294646,"Person 7":0.999385194226717,"Person 8":0.10148486708558568,"Person 9":0.3637694638172835,"Person 3":0.9100996788331337,"Person 4":0.0683738308305124,"Person 5":0.23302747771111065,"Person 6":0.7632735866208759},"boldness":0.22310270900105644,"friends":["Person 4","Person 7"]},"Person 6":{"restMap":{"Restaurant 2":2.159636524671931,"Restaurant 1":4.612727669181254,"Restaurant 0":3.5671427528326056,"Restaurant 3":1.0017869136996305},"maxValue":3.4382858866193278,"worldTrust":{"Person 0":0.2961890603995303,"Person 1":0.5942343234160731,"Person 2":0.9365441228589393,"Person 7":0.5698704547409098,"Person 8":0.6128794955068861,"Person 9":0.27411896758553245,"Person 3":0.4875256580077987,"Person 4":0.7830979825500906,"Person 5":0.14007935980888253,"Person 6":0.8872194097437834},"boldness":0.369700989803445,"friends":["Person 1","Person 5"]}}