{"Restaurant 001":{"quality":0.8460807329103509,"capacity":10},"Restaurant 002":{"quality":1.2291541427487025,"capacity":10},"Restaurant 000":{"quality":0.6047637336053296,"capacity":10},"Restaurant 009":{"quality":3.7170102199157666,"capacity":10},"Restaurant 007":{"quality":0.10160413202086938,"capacity":10},"Restaurant 008":{"quality":0.7695964801248745,"capacity":10},"Restaurant 005":{"quality":3.2828189883889554,"capacity":10},"Restaurant 006":{"quality":2.5457518149306635,"capacity":10},"Restaurant 003":{"quality":3.048976532176433,"capacity":10},"Restaurant 004":{"quality":2.6988264297124975,"capacity":10}}