{"Restaurant 1":{"quality":0.021290936541104588,"capacity":6},"Restaurant 0":{"quality":0.4883929104674961,"capacity":10}}