{"Restaurant 2":{"quality":2.1803096479977664,"capacity":8},"Restaurant 1":{"quality":3.726561947611684,"capacity":1},"Restaurant 0":{"quality":0.5028756321978367,"capacity":18},"Restaurant 9":{"quality":4.564597320629002,"capacity":16},"Restaurant 8":{"quality":1.8675605689192287,"capacity":19},"Restaurant 7":{"quality":3.620075819561648,"capacity":2},"Restaurant 6":{"quality":1.001609387481543,"capacity":2},"Restaurant 5":{"quality":3.902988544229118,"capacity":4},"Restaurant 4":{"quality":2.128474125244848,"capacity":0},"Restaurant 3":{"quality":2.015053308859745,"capacity":16}}