{"Restaurant 2":{"quality":3.253117646034415,"capacity":5},"Restaurant 1":{"quality":4.333558273604161,"capacity":2},"Restaurant 0":{"quality":0.12078621252751831,"capacity":1},"Restaurant 9":{"quality":4.213104218373948,"capacity":11},"Restaurant 8":{"quality":0.3197428928840623,"capacity":1},"Restaurant 7":{"quality":0.9093056211240946,"capacity":13},"Restaurant 6":{"quality":0.604385817333738,"capacity":12},"Restaurant 5":{"quality":0.3562607661594619,"capacity":19},"Restaurant 4":{"quality":2.661525778447478,"capacity":16},"Restaurant 3":{"quality":4.339441225941591,"capacity":19}}