{"Restaurant 2":{"quality":0.14783410250432838,"capacity":2},"Restaurant 1":{"quality":0.8368483766106127,"capacity":4},"Restaurant 0":{"quality":4.175476496116532,"capacity":14},"Restaurant 3":{"quality":2.8105188934728598,"capacity":7}}