{"Restaurant 2":{"quality":3.6465603233233406,"capacity":10},"Restaurant 1":{"quality":0.31788575117865037,"capacity":10},"Restaurant 0":{"quality":4.0882153585116345,"capacity":10},"Restaurant 9":{"quality":4.771626678901148,"capacity":10},"Restaurant 8":{"quality":1.4742242308371967,"capacity":10},"Restaurant 7":{"quality":1.5332206447201158,"capacity":10},"Restaurant 6":{"quality":2.023682905158725,"capacity":10},"Restaurant 5":{"quality":0.057238026253141894,"capacity":10},"Restaurant 4":{"quality":4.854548165392527,"capacity":10},"Restaurant 3":{"quality":1.9928683895134873,"capacity":10}}